file,author,date
rootbeerlib/src/test/java/com/scottyab/rootbeer/RootBeerTest.java,scottyab,2021-05-08
rootbeerlib/src/test/java/com/scottyab/rootbeer/RootBeerTest.java,stealthcopter,2020-02-03
rootbeerlib/src/test/java/com/scottyab/rootbeer/RootBeerTest.java,danielkutik,2020-01-31
rootbeerlib/src/test/java/com/scottyab/rootbeer/RootBeerTest.java,mat,2020-01-30
rootbeerlib/src/test/java/com/scottyab/rootbeer/RootBeerTest.java,mat,2020-01-28
rootbeerlib/src/test/java/com/scottyab/rootbeer/RootBeerTest.java,danielkutik,2019-11-16
rootbeerlib/src/test/java/com/scottyab/rootbeer/RootBeerTest.java,stealthcopter,2019-03-14
rootbeerlib/src/test/java/com/scottyab/rootbeer/RootBeerTest.java,stealthcopter,2018-05-11
rootbeerlib/src/test/java/com/scottyab/rootbeer/RootBeerTest.java,stealthcopter,2017-10-31
rootbeerlib/src/main/java/com/scottyab/rootbeer/Const.java,scottyab,2021-05-08
rootbeerlib/src/main/java/com/scottyab/rootbeer/Const.java,Fi5t,2020-07-15
rootbeerlib/src/main/java/com/scottyab/rootbeer/Const.java,mat,2020-01-30
rootbeerlib/src/main/java/com/scottyab/rootbeer/Const.java,mat,2020-01-28
rootbeerlib/src/main/java/com/scottyab/rootbeer/Const.java,BlizzedRu,2019-12-09
rootbeerlib/src/main/java/com/scottyab/rootbeer/Const.java,stealthcopter,2019-03-14
rootbeerlib/src/main/java/com/scottyab/rootbeer/Const.java,p2paltvnv,2018-03-16
rootbeerlib/src/main/java/com/scottyab/rootbeer/Const.java,p2paltvnv,2018-03-16
rootbeerlib/src/main/java/com/scottyab/rootbeer/Const.java,p2paltvnv,2018-03-16
rootbeerlib/src/main/java/com/scottyab/rootbeer/Const.java,stealthcopter,2017-03-24
rootbeerlib/src/main/java/com/scottyab/rootbeer/Const.java,Mohammed Ezzat,2016-03-15
rootbeerlib/src/main/java/com/scottyab/rootbeer/Const.java,scottyab,2015-09-16
rootbeerlib/src/main/java/com/scottyab/rootbeer/Const.java,scottyab,2015-06-30
rootbeerlib/src/main/java/com/scottyab/rootbeer/Const.java,stealthcopter,2015-06-30
rootbeerlib/src/main/java/com/scottyab/rootbeer/Const.java,scottyab,2015-06-29
rootbeerlib/src/main/java/com/scottyab/rootbeer/Const.java,scottyab,2015-06-26
rootbeerlib/src/main/java/com/scottyab/rootbeer/RootBeer.java,namouchislim,2020-07-21
rootbeerlib/src/main/java/com/scottyab/rootbeer/RootBeer.java,stealthcopter,2020-07-21
rootbeerlib/src/main/java/com/scottyab/rootbeer/RootBeer.java,mat,2020-02-07
rootbeerlib/src/main/java/com/scottyab/rootbeer/RootBeer.java,stealthcopter,2020-01-30
rootbeerlib/src/main/java/com/scottyab/rootbeer/RootBeer.java,mat,2020-01-28
rootbeerlib/src/main/java/com/scottyab/rootbeer/RootBeer.java,mat,2020-01-28
rootbeerlib/src/main/java/com/scottyab/rootbeer/RootBeer.java,mat,2020-01-28
rootbeerlib/src/main/java/com/scottyab/rootbeer/RootBeer.java,BlizzedRu,2019-12-09
rootbeerlib/src/main/java/com/scottyab/rootbeer/RootBeer.java,stealthcopter,2019-03-14
rootbeerlib/src/main/java/com/scottyab/rootbeer/RootBeer.java,stealthcopter,2018-05-11
rootbeerlib/src/main/java/com/scottyab/rootbeer/RootBeer.java,stealthcopter,2018-05-11
rootbeerlib/src/main/java/com/scottyab/rootbeer/RootBeer.java,stealthcopter,2018-05-11
rootbeerlib/src/main/java/com/scottyab/rootbeer/RootBeer.java,p2paltvnv,2018-03-16
rootbeerlib/src/main/java/com/scottyab/rootbeer/RootBeer.java,p2paltvnv,2018-03-16
rootbeerlib/src/main/java/com/scottyab/rootbeer/RootBeer.java,p2paltvnv,2018-03-16
rootbeerlib/src/main/java/com/scottyab/rootbeer/RootBeer.java,stealthcopter,2017-09-29
rootbeerlib/src/main/java/com/scottyab/rootbeer/RootBeer.java,friederbluemle,2017-08-19
rootbeerlib/src/main/java/com/scottyab/rootbeer/RootBeer.java,awaseem,2017-08-11
rootbeerlib/src/main/java/com/scottyab/rootbeer/RootBeer.java,BIOCATCH\Leon.Karabchevsky,2017-06-07
rootbeerlib/src/main/java/com/scottyab/rootbeer/RootBeer.java,vyas-n,2017-05-10
rootbeerlib/src/main/java/com/scottyab/rootbeer/RootBeer.java,stealthcopter,2017-03-29
rootbeerlib/src/main/java/com/scottyab/rootbeer/RootBeer.java,stealthcopter,2017-03-24
rootbeerlib/src/main/java/com/scottyab/rootbeer/RootBeer.java,stealthcopter,2017-03-24
rootbeerlib/src/main/java/com/scottyab/rootbeer/RootBeer.java,stealthcopter,2017-03-13
rootbeerlib/src/main/java/com/scottyab/rootbeer/RootBeer.java,stealthcopter,2017-02-15
rootbeerlib/src/main/java/com/scottyab/rootbeer/RootBeer.java,leocadiotine,2016-09-14
rootbeerlib/src/main/java/com/scottyab/rootbeer/RootBeer.java,stealthcopter,2016-04-18
rootbeerlib/src/main/java/com/scottyab/rootbeer/RootBeer.java,Mohammed Ezzat,2016-03-15
rootbeerlib/src/main/java/com/scottyab/rootbeer/RootBeer.java,stealthcopter,2015-12-22
rootbeerlib/src/main/java/com/scottyab/rootbeer/RootBeer.java,stealthcopter,2015-12-22
rootbeerlib/src/main/java/com/scottyab/rootbeer/RootBeer.java,stealthcopter,2015-12-21
rootbeerlib/src/main/java/com/scottyab/rootbeer/RootBeer.java,stealthcopter,2015-12-21
rootbeerlib/src/main/java/com/scottyab/rootbeer/RootBeer.java,scottyab,2015-06-30
rootbeerlib/src/main/java/com/scottyab/rootbeer/RootBeer.java,scottyab,2015-06-30
rootbeerlib/src/main/java/com/scottyab/rootbeer/RootBeer.java,stealthcopter,2015-06-30
rootbeerlib/src/main/java/com/scottyab/rootbeer/RootBeer.java,scottyab,2015-06-30
rootbeerlib/src/main/java/com/scottyab/rootbeer/RootBeer.java,scottyab,2015-06-30
rootbeerlib/src/main/java/com/scottyab/rootbeer/RootBeer.java,stealthcopter,2015-06-30
rootbeerlib/src/main/java/com/scottyab/rootbeer/RootBeer.java,scottyab,2015-06-29
rootbeerlib/src/main/java/com/scottyab/rootbeer/RootBeer.java,scottyab,2015-06-26
rootbeerlib/src/main/java/com/scottyab/rootbeer/RootBeerNative.java,stealthcopter,2021-05-24
rootbeerlib/src/main/java/com/scottyab/rootbeer/RootBeerNative.java,scottyab,2021-05-08
rootbeerlib/src/main/java/com/scottyab/rootbeer/RootBeerNative.java,stealthcopter,2019-03-14
rootbeerlib/src/main/java/com/scottyab/rootbeer/RootBeerNative.java,stealthcopter,2017-03-29
rootbeerlib/src/main/java/com/scottyab/rootbeer/RootBeerNative.java,stealthcopter,2015-06-30
rootbeerlib/src/main/java/com/scottyab/rootbeer/RootBeerNative.java,stealthcopter,2015-06-30
rootbeerlib/src/main/java/com/scottyab/rootbeer/RootBeerNative.java,stealthcopter,2015-06-26
rootbeerlib/src/main/java/com/scottyab/rootbeer/RootBeerNative.java,scottyab,2015-06-26
rootbeerlib/src/main/java/com/scottyab/rootbeer/util/QLog.java,mat,2020-02-07
rootbeerlib/src/main/java/com/scottyab/rootbeer/util/QLog.java,stealthcopter,2018-05-11
rootbeerlib/src/main/java/com/scottyab/rootbeer/util/QLog.java,stealthcopter,2017-10-31
rootbeerlib/src/main/java/com/scottyab/rootbeer/util/QLog.java,friederbluemle,2017-08-19
rootbeerlib/src/main/java/com/scottyab/rootbeer/util/QLog.java,friederbluemle,2017-05-11
rootbeerlib/src/main/java/com/scottyab/rootbeer/util/QLog.java,stealthcopter,2017-02-15
rootbeerlib/src/main/java/com/scottyab/rootbeer/util/QLog.java,Mohammed Ezzat,2016-03-15
rootbeerlib/src/main/java/com/scottyab/rootbeer/util/QLog.java,scottyab,2015-06-26
rootbeerlib/src/main/java/com/scottyab/rootbeer/util/QLog.java,scottyab,2015-06-26
rootbeerlib/src/main/cpp/CMakeLists.txt,scottyab,2024-09-12
rootbeerlib/src/main/cpp/CMakeLists.txt,scottyab,2021-05-22
rootbeerlib/src/main/cpp/toolChecker.cpp,scottyab,2021-05-22
app/src/main/java/com/scottyab/rootbeer/sample/CheckForRootWorker.kt,scottyab,2024-09-12
app/src/main/java/com/scottyab/rootbeer/sample/CheckForRootWorker.kt,grubeli,2021-11-16
app/src/main/java/com/scottyab/rootbeer/sample/CheckForRootWorker.kt,scottyab,2021-05-24
app/src/main/java/com/scottyab/rootbeer/sample/CheckForRootWorker.kt,scottyab,2021-05-24
app/src/main/java/com/scottyab/rootbeer/sample/CheckForRootWorker.kt,scottyab,2021-05-21
app/src/main/java/com/scottyab/rootbeer/sample/CheckForRootWorker.kt,scottyab,2021-05-08
app/src/main/java/com/scottyab/rootbeer/sample/MainActivity.kt,scottyab,2024-09-12
app/src/main/java/com/scottyab/rootbeer/sample/MainActivity.kt,ArtsemKurantsou,2024-08-05
app/src/main/java/com/scottyab/rootbeer/sample/MainActivity.kt,ArtsemKurantsou,2024-08-04
app/src/main/java/com/scottyab/rootbeer/sample/MainActivity.kt,scottyab,2021-05-08
app/src/main/java/com/scottyab/rootbeer/sample/RootItemResult.kt,scottyab,2024-09-12
app/src/main/java/com/scottyab/rootbeer/sample/RootItemResult.kt,scottyab,2021-05-08
app/src/main/java/com/scottyab/rootbeer/sample/RootSampleApp.kt,scottyab,2024-09-12
app/src/main/java/com/scottyab/rootbeer/sample/RootSampleApp.kt,ArtsemKurantsou,2024-08-04
app/src/main/java/com/scottyab/rootbeer/sample/RootSampleApp.kt,scottyab,2021-05-08
app/src/main/java/com/scottyab/rootbeer/sample/ui/ResultIconView.kt,scottyab,2024-09-12
app/src/main/java/com/scottyab/rootbeer/sample/ui/ResultIconView.kt,scottyab,2021-05-08
app/src/main/java/com/scottyab/rootbeer/sample/ui/RootItemAdapter.kt,scottyab,2024-09-12
app/src/main/java/com/scottyab/rootbeer/sample/ui/RootItemAdapter.kt,ArtsemKurantsou,2024-08-04
app/src/main/java/com/scottyab/rootbeer/sample/ui/RootItemAdapter.kt,scottyab,2021-05-08
app/src/main/java/com/scottyab/rootbeer/sample/ui/RootedResultTextView.kt,scottyab,2024-09-12
app/src/main/java/com/scottyab/rootbeer/sample/ui/RootedResultTextView.kt,scottyab,2021-05-08
app/src/main/java/com/scottyab/rootbeer/sample/ui/ScopedActivity.kt,scottyab,2024-09-12
app/src/main/java/com/scottyab/rootbeer/sample/ui/ScopedActivity.kt,scottyab,2021-05-08
app/src/main/java/com/scottyab/rootbeer/sample/extensions/ViewExtensions.kt,scottyab,2024-09-12
app/src/main/java/com/scottyab/rootbeer/sample/extensions/ViewExtensions.kt,scottyab,2021-05-08
